{
  "title": "Visit Trends Report",
  "generated_at": "2025-07-23T07:10:38.861221+00:00",
  "data": {
    "total_visits": 3,
    "total_medical_visits": 2,
    "total_dental_visits": 1,
    "monthly_trends": [
      {
        "month": "2025-07",
        "medical_visits": 2,
        "dental_visits": 1,
        "total_visits": 3
      }
    ],
    "hour_distribution": [
      {
        "hour": 6,
        "visits": 1
      },
      {
        "hour": 12,
        "visits": 1
      },
      {
        "hour": 15,
        "visits": 1
      }
    ],
    "common_diagnoses": [
      {
        "diagnosis": "LBM Problems",
        "count": 1
      },
      {
        "diagnosis": "Sickness",
        "count": 1
      }
    ],
    "average_daily_visits": 0.0,
    "peak_hour": 6
  }
}