{
  "title": "Patient Summary Report",
  "generated_at": "2025-07-23T07:10:08.434704+00:00",
  "data": {
    "total_patients": 7,
    "new_registrations": 7,
    "patients_with_medical_records": 1,
    "patients_with_dental_records": 1,
    "gender_distribution": [
      {
        "gender": "1",
        "count": 2
      },
      {
        "gender": "2",
        "count": 1
      },
      {
        "gender": "M",
        "count": 3
      }
    ],
    "age_distribution": {
      "18-25": 2,
      "26-35": 3,
      "0-17": 0,
      "36-45": 0,
      "46-60": 0,
      "60+": 0
    },
    "active_patients": 1
  }
}